SpeciesLong,SpeciesShort,Type,mu1,mu2,mu3,sigma1,sigma2,sigma3,lambda1,lambda2,lambda3
Zooplankton1,sp1,Distribution,369.4266239,589.095156,893.423447,36.394456,51.69610816,82.0896014,0.157746874,0.66720413,0.175048995
Zooplankton2,sp2,Distribution,374.8767028,507.7406278,866.5087698,40.79151048,35.43597827,3.81738133,0.281673333,0.50676937,0.211557297
Zooplankton3,sp3,Distribution,374.9048286,503.1341511,832.6617038,2.196974201,74.79205029,40.04126038,0.409768709,0.410241356,0.179989935
Zooplankton4,sp4,Distribution,424.0527563,645.1760196,750.7935028,28.118297,12.00496487,35.33702252,0.436334144,0.252570715,0.311095141
Zooplankton5,sp5,Distribution,510.311486,633.1358611,761.5837003,66.17031353,14.50747408,43.49384429,0.335216933,0.368288855,0.296494212
Pred1,sp6,Distribution,369.4266239,589.095156,893.423447,36.394456,51.69610816,82.0896014,0.157746874,0.66720413,0.175048995
Pred2,sp7,Distribution,374.8767028,507.7406278,866.5087698,40.79151048,35.43597827,3.81738133,0.281673333,0.50676937,0.211557297
Pred3,sp8,Distribution,374.9048286,503.1341511,832.6617038,2.196974201,74.79205029,40.04126038,0.409768709,0.410241356,0.179989935
