Species,Individual,X,Y,Z,Length,Ration,Energy,Cost,Behavior,RMR,Active
1,1,512.6786899940053,92.07991311906561,85.8184741726198,2828.291141019706,0.0,2.2469517395427653e8,82699.82585391024,2.0,82699.82585391024,20.0
2,1,734.7359921985061,816.3560686238258,136.27644177487454,878.4592311317092,0.0,6.73769282565727e6,1901.5705806120568,2.0,1901.5705806120568,20.0
3,1,544.0445083108988,989.5984034531949,131.12913095533204,708.9994649098303,0.0,3.525232310184954e6,1340.4539671691853,2.0,1340.4539671691853,20.0
4,1,416.841218417197,666.5475819563311,149.07296541162788,2599.956702392087,0.0,1.7496969378472665e8,51468.409983414254,2.0,51468.409983414254,20.0
5,1,966.3734848475065,928.0467125792015,148.16696565269834,626.3850626344785,0.0,2.4426806770680984e6,636.8805202371097,2.0,636.8805202371097,20.0
