Species,Individual,X,Y,Z,Length,Ration,Energy,Cost,Behavior,RMR,Active
1,1,512.6786899940053,92.07991311906561,261.6540729489931,2828.291141019706,0.0,2.240028683861112e8,31735.604775654632,2.0,31735.604775654632,20.0
2,1,734.7359921985061,816.3560686238258,255.83870690756535,878.4592311317092,0.0,6.717543062339198e6,1038.3532579826663,2.0,1038.3532579826663,20.0
3,1,544.0445083108988,989.5984034531949,235.94503224983342,708.9994649098303,0.0,3.514734610914956e6,653.3988855074804,2.0,653.3988855074804,20.0
4,1,416.841218417197,666.5475819563311,328.14524511930904,2599.956702392087,0.0,1.743798688009472e8,28972.81052773276,2.0,28972.81052773276,20.0
5,1,966.3734848475065,928.0467125792015,358.54316635379195,626.3850626344785,0.0,2.4361353503674907e6,321.1658605413351,2.0,321.1658605413351,20.0
