Species,Individual,X,Y,Z,Length,Ration,Energy,Cost,Behavior,RMR,Active
1,1,512.6786899940053,92.07991311906561,246.61847417261978,2828.291141019706,0.0,2.2454394742289758e8,41110.67894090599,2.0,41110.67894090599,20.0
2,1,734.7359921985061,816.3560686238258,297.0764417748745,878.4592311317092,0.0,6.734138728758555e6,986.3804582309331,2.0,986.3804582309331,20.0
3,1,544.0445083108988,989.5984034531949,289.5450322498334,708.9994649098303,0.0,3.52324535076934e6,506.92522379846287,0.0,506.92522379846287,20.0
4,1,416.841218417197,666.5475819563311,309.8729654116279,2599.956702392087,0.0,1.7487036928790355e8,31642.6616362255,2.0,31642.6616362255,20.0
5,1,966.3734848475065,928.0467125792015,308.9669656526983,626.3850626344785,0.0,2.44152580437702e6,339.69300439303623,2.0,339.69300439303623,20.0
