Species,Individual,X,Y,Z,Length,Ration,Energy,Cost,Behavior,RMR,Active
1,1,512.6786899940053,92.07991311906561,193.0184741726198,2828.291141019706,0.0,2.2458505810183847e8,50232.90618849264,2.0,50232.90618849264,20.0
2,1,734.7359921985061,816.3560686238258,243.47644177487453,878.4592311317092,0.0,6.735125109216786e6,1157.6241925127838,2.0,1157.6241925127838,20.0
3,1,544.0445083108988,989.5984034531949,238.32913095533203,708.9994649098303,0.0,3.5237522759931386e6,650.9168801524708,2.0,650.9168801524708,20.0
4,1,416.841218417197,666.5475819563311,256.27296541162787,2599.956702392087,0.0,1.7490201194953978e8,32377.06784195573,2.0,32377.06784195573,20.0
5,1,966.3734848475065,928.0467125792015,255.36696565269833,626.3850626344785,0.0,2.441865497381413e6,356.37281817154235,2.0,356.37281817154235,20.0
