Species,Individual,X,Y,Z,Length,Ration,Energy,Cost,Behavior,RMR,Active
1,1,512.6786899940053,92.07991311906561,32.2184741726198,2828.291141019706,0.0,2.2477787378013045e8,109125.73075168328,2.0,109125.73075168328,20.0
2,1,734.7359921985061,816.3560686238258,82.67644177487455,878.4592311317092,0.0,6.739594396237882e6,3054.985071625364,2.0,3054.985071625364,20.0
3,1,544.0445083108988,989.5984034531949,77.52913095533205,708.9994649098303,0.0,3.5265727641521236e6,2498.723937044876,2.0,2498.723937044876,20.0
4,1,416.841218417197,666.5475819563311,95.47296541162788,2599.956702392087,0.0,1.7502116219471008e8,70215.8476195828,2.0,70215.8476195828,20.0
5,1,966.3734848475065,928.0467125792015,94.56696565269833,626.3850626344785,0.0,2.4433175575883356e6,1202.0947071200994,2.0,1202.0947071200994,20.0
