Species,Individual,X,Y,Z,Length,Ration,Energy,Cost,Behavior,RMR,Active
1,1,512.6786899940053,92.07991311906561,139.4184741726198,2828.291141019706,0.0,2.2463529100802696e8,59882.94624957692,2.0,59882.94624957692,20.0
2,1,734.7359921985061,816.3560686238258,189.87644177487454,878.4592311317092,0.0,6.736282733409299e6,1410.0922479709996,2.0,1410.0922479709996,20.0
3,1,544.0445083108988,989.5984034531949,184.72913095533204,708.9994649098303,0.0,3.524403192873291e6,829.1173116631201,2.0,829.1173116631201,20.0
4,1,416.841218417197,666.5475819563311,202.67296541162787,2599.956702392087,0.0,1.7493438901738173e8,35304.76734491423,2.0,35304.76734491423,20.0
5,1,966.3734848475065,928.0467125792015,201.76696565269833,626.3850626344785,0.0,2.4422218701995844e6,458.8068685139489,2.0,458.8068685139489,20.0
