Species,Individual,X,Y,Z,Length,Ration,Energy,Cost,Behavior,RMR,Active
1,1,512.6786899940053,92.07991311906561,315.2540729489931,2828.291141019706,0.0,2.2448132365750307e8,30808.252870106706,0.0,30808.252870106706,20.0
2,1,734.7359921985061,816.3560686238258,309.43870690756535,878.4592311317092,0.0,6.732680230649675e6,486.1660362932164,0.0,486.1660362932164,0.0
3,1,544.0445083108988,989.5984034531949,289.5450322498334,708.9994649098303,0.0,3.5227384255455416e6,253.46261189923143,0.0,253.46261189923143,0.0
4,1,416.841218417197,666.5475819563311,381.74524511930906,2599.956702392087,0.0,1.7481413103675556e8,27950.994846954924,0.0,27950.994846954924,20.0
5,1,966.3734848475065,928.0467125792015,412.14316635379197,626.3850626344785,0.0,2.440899238217254e6,306.39461994668073,0.0,306.39461994668073,20.0
