Species,Individual,X,Y,Z,Length,Ration,Energy,Cost,Behavior,RMR,Active
1,1,512.6786899940053,92.07991311906561,315.2540729489931,2828.291141019706,0.0,2.2412702874949712e8,15404.126435053353,0.0,15404.126435053353,0.0
2,1,734.7359921985061,816.3560686238258,309.43870690756535,878.4592311317092,0.0,6.721498411814938e6,486.1660362932164,0.0,486.1660362932164,0.0
3,1,544.0445083108988,989.5984034531949,289.5450322498334,708.9994649098303,0.0,3.516908785471859e6,253.46261189923143,0.0,253.46261189923143,0.0
4,1,416.841218417197,666.5475819563311,381.74524511930906,2599.956702392087,0.0,1.7449269459601575e8,13975.497423477462,0.0,13975.497423477462,0.0
5,1,966.3734848475065,928.0467125792015,412.14316635379197,626.3850626344785,0.0,2.437375700087871e6,153.19730997334037,0.0,153.19730997334037,0.0
