Species,Individual,X,Y,Z,Length,Ration,Energy,Cost,Behavior,RMR,Active
1,1,512.6786899940053,92.07991311906561,300.2184741726198,2828.291141019706,0.0,2.2451213191037318e8,31815.51252438788,2.0,31815.51252438788,20.0
2,1,734.7359921985061,816.3560686238258,309.43870690756535,878.4592311317092,0.0,6.733166396685968e6,972.3320725864328,0.0,972.3320725864328,20.0
3,1,544.0445083108988,989.5984034531949,289.5450322498334,708.9994649098303,0.0,3.522991888157441e6,253.46261189923143,0.0,253.46261189923143,0.0
4,1,416.841218417197,666.5475819563311,363.4729654116279,2599.956702392087,0.0,1.748420820316025e8,28287.256301057925,2.0,28287.256301057925,20.0
5,1,966.3734848475065,928.0467125792015,362.56696565269834,626.3850626344785,0.0,2.441205632837201e6,320.1715398186812,2.0,320.1715398186812,20.0
